{"cameraMode":{"drawMode":0,"name":"Shaded","section":"Shading Mode"},"sceneLighting":true,"audioPlay":false,"sceneViewState":{"showFog":true,"showMaterialUpdate":false,"showSkybox":true,"showFlares":true,"showImageEffects":true,"showParticleSystems":true},"in2DMode":false,"pivot":{"x":23.679115295410158,"y":-20.886478424072267,"z":-99.02735137939453},"rotation":{"x":0.1443193554878235,"y":-0.2670302093029022,"z":0.04357059672474861,"w":0.9525362253189087},"size":113.68091583251953,"orthographic":false}