{"cameraMode":{"drawMode":0,"name":"Shaded","section":"Shading Mode"},"sceneLighting":false,"audioPlay":false,"sceneViewState":{"showFog":true,"showMaterialUpdate":false,"showSkybox":false,"showFlares":true,"showImageEffects":true,"showParticleSystems":true},"in2DMode":false,"pivot":{"x":0.9399999976158142,"y":1.899999976158142,"z":4.239999771118164},"rotation":{"x":-0.0761396512389183,"y":-0.013169575482606888,"z":0.001112207188270986,"w":-0.997178316116333},"size":1.428942322731018,"orthographic":false}