{"cameraMode":{"drawMode":0,"name":"Shaded","section":"Shading Mode"},"sceneLighting":false,"audioPlay":false,"sceneViewState":{"showFog":true,"showMaterialUpdate":false,"showSkybox":false,"showFlares":true,"showImageEffects":true,"showParticleSystems":true},"in2DMode":false,"pivot":{"x":1.1800003051757813,"y":4.279999732971191,"z":37.839996337890628},"rotation":{"x":-0.04791953042149544,"y":0.12463455647230149,"z":-0.006026175804436207,"w":-0.9911848306655884},"size":4.698175430297852,"orthographic":false}