{"cameraMode":{"drawMode":0,"name":"Shaded","section":"Shading Mode"},"sceneLighting":true,"audioPlay":false,"sceneViewState":{"showFog":true,"showMaterialUpdate":false,"showSkybox":true,"showFlares":true,"showImageEffects":true,"showParticleSystems":true},"in2DMode":false,"pivot":{"x":-4.028530120849609,"y":3.2633843421936037,"z":-233.58425903320313},"rotation":{"x":-0.03296982869505882,"y":0.9524222016334534,"z":-0.111359603703022,"w":-0.28183186054229739},"size":33.90513229370117,"orthographic":false}