{"cameraMode":{"drawMode":0,"name":"Shaded","section":"Shading Mode"},"sceneLighting":false,"audioPlay":false,"sceneViewState":{"showFog":true,"showMaterialUpdate":false,"showSkybox":false,"showFlares":true,"showImageEffects":true,"showParticleSystems":true},"in2DMode":false,"pivot":{"x":4.25,"y":1.5800000429153443,"z":4.079999923706055},"rotation":{"x":-0.13785690069198609,"y":0.0213795006275177,"z":-0.002975594252347946,"w":-0.9903727769851685},"size":1.4289418458938599,"orthographic":false}