{"cameraMode":{"drawMode":0,"name":"Shaded","section":"Shading Mode"},"sceneLighting":false,"audioPlay":false,"sceneViewState":{"showFog":true,"showMaterialUpdate":false,"showSkybox":false,"showFlares":true,"showImageEffects":true,"showParticleSystems":true},"in2DMode":false,"pivot":{"x":-39.77040481567383,"y":-0.008554458618164063,"z":-43.83106231689453},"rotation":{"x":0.20559003949165345,"y":0.28859609365463259,"z":-0.06359639018774033,"w":0.9329532384872437},"size":11.90880012512207,"orthographic":false}