{"cameraMode":{"drawMode":0,"name":"Shaded","section":"Shading Mode"},"sceneLighting":true,"audioPlay":false,"sceneViewState":{"showFog":true,"showMaterialUpdate":false,"showSkybox":true,"showFlares":true,"showImageEffects":true,"showParticleSystems":true},"in2DMode":false,"pivot":{"x":-2.327632188796997,"y":2.7361857891082765,"z":-6.244083881378174},"rotation":{"x":0.001999744214117527,"y":0.9731263518333435,"z":0.008457093499600888,"w":-0.23010945320129395},"size":16.09092140197754,"orthographic":false}