{"cameraMode":{"drawMode":0,"name":"Shaded","section":"Shading Mode"},"sceneLighting":false,"audioPlay":false,"sceneViewState":{"showFog":true,"showMaterialUpdate":false,"showSkybox":false,"showFlares":true,"showImageEffects":true,"showParticleSystems":true},"in2DMode":false,"pivot":{"x":-1.19748055934906,"y":1.640263319015503,"z":-2.886324405670166},"rotation":{"x":-0.012762760743498803,"y":-0.9712350368499756,"z":0.23182463645935059,"w":-0.05336535722017288},"size":5.742396831512451,"orthographic":false}