{"cameraMode":{"drawMode":0,"name":"Shaded","section":"Shading Mode"},"sceneLighting":true,"audioPlay":false,"sceneViewState":{"showFog":true,"showMaterialUpdate":false,"showSkybox":true,"showFlares":true,"showImageEffects":true,"showParticleSystems":true},"in2DMode":false,"pivot":{"x":-5.534814834594727,"y":4.681489944458008,"z":2.786428451538086},"rotation":{"x":-0.027661142870783807,"y":-0.9723418951034546,"z":0.16371797025203706,"w":-0.16430045664310456},"size":5.742397308349609,"orthographic":false}