{"cameraMode":{"drawMode":0,"name":"Shaded","section":"Shading Mode"},"sceneLighting":true,"audioPlay":false,"sceneViewState":{"showFog":true,"showMaterialUpdate":false,"showSkybox":true,"showFlares":true,"showImageEffects":true,"showParticleSystems":true},"in2DMode":false,"pivot":{"x":-17.35788345336914,"y":31.480384826660158,"z":-2.5550763607025148},"rotation":{"x":-0.003639270318672061,"y":0.9949897527694702,"z":0.09188879281282425,"w":0.039423100650310519},"size":14.163468360900879,"orthographic":false}